<?xml version="1.0" encoding="UTF-8"?>
<project-private xmlns="http://www.netbeans.org/ns/project-private/1">
    <editor-bookmarks xmlns="http://www.netbeans.org/ns/editor-bookmarks/2" lastBookmarkId="0"/>
    <open-files xmlns="http://www.netbeans.org/ns/projectui-open-files/2">
        <group>
            <file>file:/C:/Users/Acer/OneDrive/Documents/NetBeansProjects/ProgEscps/src/progescps/Hero.java</file>
            <file>file:/C:/Users/Acer/OneDrive/Documents/NetBeansProjects/ProgEscps/src/progescps/Debugger.java</file>
            <file>file:/C:/Users/Acer/OneDrive/Documents/NetBeansProjects/ProgEscps/src/progescps/ProgEscps.java</file>
            <file>file:/C:/Users/Acer/OneDrive/Documents/NetBeansProjects/ProgEscps/src/progescps/Faction.java</file>
            <file>file:/C:/Users/Acer/OneDrive/Documents/NetBeansProjects/ProgEscps/src/progescps/Tester.java</file>
            <file>file:/C:/Users/Acer/OneDrive/Documents/NetBeansProjects/ProgEscps/src/progescps/Hacker.java</file>
            <file>file:/C:/Users/Acer/OneDrive/Documents/NetBeansProjects/ProgEscps/src/progescps/Combat.java</file>
            <file>file:/C:/Users/Acer/OneDrive/Documents/NetBeansProjects/ProgEscps/src/progescps/GameManager.java</file>
            <file>file:/C:/Users/Acer/OneDrive/Documents/NetBeansProjects/ProgEscps/src/progescps/GameUI.java</file>
            <file>file:/C:/Users/Acer/OneDrive/Documents/NetBeansProjects/ProgEscps/src/progescps/Support.java</file>
            <file>file:/C:/Users/Acer/OneDrive/Documents/NetBeansProjects/ProgEscps/src/progescps/Heroes.java</file>
            <file>file:/C:/Users/Acer/OneDrive/Documents/NetBeansProjects/ProgEscps/src/progescps/Enemy.java</file>
            <file>file:/C:/Users/Acer/OneDrive/Documents/NetBeansProjects/ProgEscps/src/progescps/Color.java</file>
            <file>file:/C:/Users/Acer/OneDrive/Documents/NetBeansProjects/ProgEscps/src/progescps/Quest.java</file>
            <file>file:/C:/Users/Acer/OneDrive/Documents/NetBeansProjects/ProgEscps/src/progescps/PenTester.java</file>
            <file>file:/C:/Users/Acer/OneDrive/Documents/NetBeansProjects/ProgEscps/src/progescps/Location.java</file>
            <file>file:/C:/Users/Acer/OneDrive/Documents/NetBeansProjects/ProgEscps/src/progescps/TurnBased_RPG.java</file>
            <file>file:/C:/Users/Acer/OneDrive/Documents/NetBeansProjects/ProgEscps/src/progescps/Architect.java</file>
            <file>file:/C:/Users/Acer/OneDrive/Documents/NetBeansProjects/ProgEscps/src/progescps/StatusEffect.java</file>
            <file>file:/C:/Users/Acer/OneDrive/Documents/NetBeansProjects/ProgEscps/src/progescps/QuestManager.java</file>
        </group>
    </open-files>
</project-private>
